CustomerID,CustomerName,Gender,Age,City,State,JoinDate
C001,Aarav Singh,Male,32,Hyderabad,Telangana,2023-05-23
C002,Charlie Patel,Female,20,Hyderabad,Telangana,2023-01-31
C003,Ananya Kumar,Male,53,Hyderabad,Telangana,2023-07-23
C004,Rohit Kumar,Female,55,Jaipur,Rajasthan,2023-10-12
C005,Sai Nair,Female,35,Bengaluru,Karnataka,2023-06-09
C006,Rahul Patel,Male,42,,Maharashtra,2023-04-10
C007,Kiran Shetty,Female,20,Pune,Maharashtra,2025-01-17
C008,Charlie Patel,Female,23,Mysuru,Karnataka,2024-07-19
C009,Eva Das,Male,63,Delhi,Delhi,2023-03-13
C010,Diya Singh,Male,32,Bengaluru,Karnataka,2025-06-06
C011,Neha Singh,Female,58,Hyderabad,Telangana,2025-05-04
C012,Sai Das,Female,31,Pune,Maharashtra,2024-11-17
C013,Aditya Shetty,Male,52,Delhi,Delhi,2025-01-16
C014,Sai Gupta,Female,35,Mumbai,Maharashtra,2024-10-17
C015,Diya Das,Male,32,Jaipur,Rajasthan,2025-04-21
C016,Rahul Nair,Female,22,Bengaluru,Karnataka,2023-08-05
C017,Rahul Kumar,Female,43,Lucknow,Uttar Pradesh,2024-10-20
C018,Arjun Singh,Male,33,Mysuru,Karnataka,2025-02-01
C019,Charlie Singh,Female,55,Jaipur,Rajasthan,2024-02-13
C020,Diya Reddy,Female,23,Pune,Maharashtra,2025-02-12
C021,Vihaan Reddy,Male,61,Bengaluru,Karnataka,2024-03-08
C022,Aditya Nair,Female,56,Lucknow,Uttar Pradesh,2024-04-24
C023,Isha Joshi,Male,61,Jaipur,Rajasthan,2025-01-08
C024,Charlie Singh,Female,25,Hyderabad,Telangana,2023-10-28
C025,Sai Gupta,Male,64,Kolkata,West Bengal,2025-06-15
C026,Bob Reddy,Male,58,Delhi,Delhi,2023-11-02
C027,Eva Kumar,Male,41,Jaipur,Rajasthan,2025-02-19
C028,Charlie Joshi,Male,56,Chennai,Tamil Nadu,2023-11-28
C029,Aarav Patel,Female,37,Mysuru,Karnataka,2023-09-03
C030,Diya Shetty,Male,23,Bengaluru,Karnataka,2025-01-19
C031,Aditya Joshi,Male,26,Mysuru,Karnataka,2024-11-06
C032,Charlie Reddy,Female,51,Mysuru,Karnataka,2025-06-12
C033,Rohit Kumar,Male,63,Lucknow,Uttar Pradesh,2023-11-16
C034,Kiran Gupta,Female,25,Kolkata,West Bengal,2023-09-11
C035,Aditya Das,Male,55,Mumbai,Maharashtra,2024-07-21
C036,David Kumar,Male,22,Mumbai,Maharashtra,2024-12-25
C037,Diya Patel,Male,39,Bengaluru,Karnataka,2023-03-14
C038,Diya Singh,Female,31,Jaipur,Rajasthan,2024-07-06
C039,David Shetty,Female,33,Chennai,Tamil Nadu,2025-03-14
C040,Rohit Kumar,Male,24,Mysuru,Karnataka,2024-11-05
C041,Kiran Nair,Female,47,Kolkata,West Bengal,2025-06-03
C042,Vihaan Sharma,Female,64,Bengaluru,Karnataka,2023-12-14
C043,Diya Kumar,Male,52,Hyderabad,Telangana,2024-04-04
C044,Rohit Reddy,Female,47,Chennai,Tamil Nadu,2023-09-13
C045,Meera Joshi,Male,21,Hyderabad,Telangana,2024-10-29
C046,Aarav Patel,Male,28,Jaipur,Rajasthan,2024-02-21
C047,Alice Kumar,Female,21,Mysuru,Karnataka,2023-06-18
C048,Aarav Nair,Female,47,Kolkata,West Bengal,2023-10-20
C049,Charlie Gupta,Male,30,Kolkata,West Bengal,2023-10-31
C050,Vivaan Shetty,Male,65,Mumbai,Maharashtra,2023-11-18
C051,Vivaan Shetty,Female,50,Bengaluru,Karnataka,2025-05-23
C052,Sai Sharma,Male,29,Jaipur,Rajasthan,2023-03-12
C053,Aditya Kumar,Female,25,Lucknow,Uttar Pradesh,2024-08-06
C054,David Shetty,Male,57,Mumbai,Maharashtra,2023-03-25
C055,David Shetty,Female,34,Kolkata,West Bengal,2023-07-29
C056,Diya Singh,Female,26,Pune,Maharashtra,2024-11-18
C057,Meera Das,Male,18,Delhi,Delhi,2024-04-14
C058,David Patel,Male,52,Lucknow,Uttar Pradesh,2023-08-07
C059,Isha Reddy,Female,22,Jaipur,Rajasthan,2025-06-19
C060,Kiran Singh,Male,46,Mumbai,Maharashtra,2025-05-03
C061,Priya Shetty,Male,60,Jaipur,Rajasthan,2025-04-16
C062,Priya Patel,Male,34,Jaipur,Rajasthan,2023-04-29
C063,Charlie Reddy,Female,36,Hyderabad,Telangana,2024-09-11
C064,Rahul Kumar,Female,50,Mumbai,Maharashtra,2024-05-15
C065,Vivaan Patel,Female,35,Delhi,Delhi,2023-02-15
C066,Rahul Reddy,Female,28,Bengaluru,Karnataka,2025-01-29
C067,Charlie Nair,Male,25,Mysuru,Karnataka,2023-03-19
C068,Charlie Sharma,Female,55,Chennai,Tamil Nadu,2024-07-19
C069,Rohit Reddy,Male,37,Chennai,Tamil Nadu,2024-01-09
C070,Kiran Kumar,Male,60,Bengaluru,Karnataka,2023-04-16
C071,Charlie Nair,Male,33,Pune,Maharashtra,2025-06-04
C072,Sai Nair,Male,29,Chennai,Tamil Nadu,2025-01-24
C073,Rohit Kumar,Female,28,Pune,Maharashtra,2025-03-17
C074,Neha Sharma,Female,32,Hyderabad,Telangana,2023-07-24
C075,Kiran Singh,Male,32,Mysuru,Karnataka,2023-01-25
C076,Neha Das,Female,22,Mumbai,Maharashtra,2025-03-02
C077,Kiran Joshi,Female,61,Delhi,Delhi,2025-05-13
C078,Rahul Sharma,Male,34,Jaipur,Rajasthan,2023-07-02
C079,Isha Sharma,Male,56,Lucknow,Uttar Pradesh,2024-03-20
C080,Rahul Nair,Male,42,Pune,Maharashtra,2024-08-13
C081,Isha Sharma,Female,18,Mumbai,Maharashtra,2024-06-16
C082,Ananya Das,Female,22,Jaipur,Rajasthan,2024-11-11
C083,Eva Das,Male,64,Pune,Maharashtra,2023-11-04
C084,Priya Nair,Female,43,Jaipur,Rajasthan,2024-12-14
C085,Charlie Reddy,Male,44,Delhi,Delhi,2024-11-11
C086,Sai Shetty,Female,43,Kolkata,West Bengal,2024-07-15
C087,Priya Singh,Male,45,Bengaluru,Karnataka,2025-03-15
C088,Eva Das,Female,46,Lucknow,Uttar Pradesh,2024-03-28
C089,Bob Gupta,Male,60,Mumbai,Maharashtra,2023-03-28
C090,Bob Shetty,Female,23,Delhi,Delhi,2025-04-18
C091,Priya Kumar,Male,27,Mumbai,Maharashtra,2023-01-26
C092,Diya Gupta,Male,47,Bengaluru,Karnataka,2024-02-29
C093,Ananya Nair,Female,43,Lucknow,Uttar Pradesh,2023-09-07
C094,Aarav Patel,Female,32,Chennai,Tamil Nadu,2023-06-30
C095,Meera Sharma,Male,25,Jaipur,Rajasthan,2024-04-12
C096,Meera Joshi,Female,46,Chennai,Tamil Nadu,2024-09-19
C097,Rohit Joshi,Female,28,Jaipur,Rajasthan,2025-01-31
C098,Meera Singh,Male,58,Mysuru,Karnataka,2023-10-11
C099,Alice Kumar,Female,46,Jaipur,Rajasthan,2023-03-21
C100,Diya Singh,Female,38,Delhi,Delhi,2024-07-07
C101,Arjun Reddy,Male,42,Hyderabad,Telangana,2024-12-11
C102,Ananya Patel,Female,44,Chennai,Tamil Nadu,2023-12-05
C103,Meera Nair,Male,31,Jaipur,Rajasthan,2025-05-02
C104,Neha Shetty,Male,54,Kolkata,West Bengal,2024-01-25
C105,Aarav Das,Female,42,Mysuru,Karnataka,2025-05-23
C106,Charlie Joshi,Male,49,Kolkata,West Bengal,2023-08-13
C107,Rohit Gupta,Male,42,Delhi,Delhi,2023-12-11
C108,Sai Gupta,Male,57,Kolkata,West Bengal,2024-06-30
C109,Neha Shetty,Male,23,Bengaluru,Karnataka,2024-10-20
C110,Arjun Gupta,Male,21,Kolkata,West Bengal,2023-09-24
C111,Rahul Kumar,Female,38,Kolkata,West Bengal,2023-12-12
C112,Isha Nair,Female,23,Kolkata,West Bengal,2024-04-26
C113,Charlie Sharma,Female,32,Bengaluru,Karnataka,2024-10-27
C114,Vivaan Sharma,Male,30,Hyderabad,Telangana,2025-05-09
C115,Eva Reddy,Male,26,Bengaluru,Karnataka,2024-04-29
C116,David Kumar,Female,62,Hyderabad,Telangana,2023-09-20
C117,Sai Shetty,Male,28,Pune,Maharashtra,2023-11-15
C118,David Sharma,Female,54,Hyderabad,Telangana,2024-11-24
C119,Neha Kumar,Male,55,Kolkata,West Bengal,2024-12-08
C120,Vihaan Singh,Male,54,Mumbai,Maharashtra,2025-03-12
C121,Kiran Joshi,Female,60,Bengaluru,Karnataka,2024-01-15
C122,Bob Das,Male,44,Hyderabad,Telangana,2025-04-22
C123,Vihaan Nair,Female,58,Mysuru,Karnataka,2025-04-28
C124,Arjun Nair,Male,64,Mysuru,Karnataka,2024-06-18
C125,Eva Joshi,Female,47,Delhi,Delhi,2024-03-22
C126,Isha Das,Male,23,Lucknow,Uttar Pradesh,2023-10-13
C127,Diya Gupta,Female,39,Mysuru,Karnataka,2023-01-30
C128,Rahul Reddy,Female,31,Mysuru,Karnataka,2023-12-30
C129,Rahul Singh,Female,53,Delhi,Delhi,2023-01-11
C130,Ananya Patel,Male,64,Jaipur,Rajasthan,2024-02-21
C131,Charlie Kumar,Female,59,Mysuru,Karnataka,2024-12-29
C132,Meera Sharma,Male,36,Mysuru,Karnataka,2023-08-15
C133,Diya Singh,Female,48,Kolkata,West Bengal,2024-07-20
C134,Kiran Nair,Female,40,Jaipur,Rajasthan,2024-12-20
C135,Isha Singh,Female,32,Mysuru,Karnataka,2023-05-04
C136,Rahul Patel,Male,30,Mumbai,Maharashtra,2023-08-10
C137,Isha Shetty,Female,24,Mysuru,Karnataka,2025-05-02
C138,Priya Kumar,Female,29,Mumbai,Maharashtra,2023-11-06
C139,Charlie Reddy,Female,20,Bengaluru,Karnataka,2023-02-25
C140,Priya Reddy,Female,24,Jaipur,Rajasthan,2025-06-12
C141,David Singh,Female,48,Bengaluru,Karnataka,2024-03-27
C142,Sai Sharma,Female,48,Pune,Maharashtra,2023-04-27
C143,Neha Gupta,Male,54,Hyderabad,Telangana,2024-10-06
C144,Arjun Reddy,Female,23,Bengaluru,Karnataka,2023-09-12
C145,Charlie Nair,Male,51,Hyderabad,Telangana,2024-01-25
C146,Meera Singh,Female,37,Mysuru,Karnataka,2024-08-05
C147,Vivaan Shetty,Male,31,Lucknow,Uttar Pradesh,2024-10-02
C148,Isha Patel,Male,33,Mumbai,Maharashtra,2023-06-27
C149,Aditya Reddy,Male,44,Jaipur,Rajasthan,2024-04-06
C150,Alice Singh,Male,32,Lucknow,Uttar Pradesh,2023-10-23
C151,Meera Patel,Male,34,Delhi,Delhi,2025-03-17
C152,Ananya Nair,Male,52,Lucknow,Uttar Pradesh,2023-08-19
C153,Isha Reddy,Male,21,Chennai,Tamil Nadu,2023-06-19
C154,Eva Shetty,Female,46,Delhi,Delhi,2023-05-08
C155,Priya Nair,Female,50,Mysuru,Karnataka,2024-07-06
C156,Meera Patel,Male,45,Mysuru,Karnataka,2025-01-22
C157,Eva Singh,Male,23,Pune,Maharashtra,2023-08-23
C158,David Sharma,Female,54,Lucknow,Uttar Pradesh,2023-02-11
C159,Alice Joshi,Female,35,Chennai,Tamil Nadu,2023-07-05
C160,Rohit Gupta,Male,48,Lucknow,Uttar Pradesh,2023-12-23
C161,Rahul Das,Male,28,Kolkata,West Bengal,2023-12-04
C162,Alice Singh,Female,53,Kolkata,West Bengal,2023-02-07
C163,Aditya Das,Female,38,Mysuru,Karnataka,2023-04-29
C164,Bob Sharma,Female,44,Kolkata,West Bengal,2023-02-25
C165,Bob Das,Female,58,Mumbai,Maharashtra,2024-03-28
C166,Ananya Singh,Male,36,Bengaluru,Karnataka,2024-03-24
C167,Vihaan Sharma,Male,63,Mysuru,Karnataka,2023-06-12
C168,Charlie Sharma,Female,23,Delhi,Delhi,2023-08-19
C169,Meera Patel,Male,49,Hyderabad,Telangana,2025-01-03
C170,Bob Singh,Female,48,Delhi,Delhi,2024-04-28
C171,Meera Joshi,Male,42,Mumbai,Maharashtra,2023-07-15
C172,Bob Reddy,Male,35,Lucknow,Uttar Pradesh,2025-03-02
C173,Rahul Joshi,Female,18,Kolkata,West Bengal,2023-10-17
C174,David Shetty,Female,27,Delhi,Delhi,2024-04-02
C175,Alice Das,Female,53,Jaipur,Rajasthan,2025-02-20
C176,Neha Gupta,Female,30,Jaipur,Rajasthan,2024-12-15
C177,David Nair,Male,44,Mumbai,Maharashtra,2023-02-14
C178,Alice Nair,Female,60,Pune,Maharashtra,2025-03-22
C179,Alice Sharma,Male,50,Chennai,Tamil Nadu,2024-08-27
C180,Vihaan Gupta,Male,51,Pune,Maharashtra,2024-04-12
C181,Arjun Nair,Male,22,Bengaluru,Karnataka,2024-04-25
C182,Rahul Shetty,Female,59,Delhi,Delhi,2023-03-24
C183,Charlie Nair,Female,58,Pune,Maharashtra,2025-01-05
C184,Charlie Sharma,Male,33,Mysuru,Karnataka,2024-10-08
C185,Diya Patel,Female,24,Delhi,Delhi,2025-02-17
C186,Meera Reddy,Female,19,Hyderabad,Telangana,2023-02-17
C187,Vivaan Singh,Female,41,Pune,Maharashtra,2024-03-17
C188,Diya Joshi,Female,54,Chennai,Tamil Nadu,2024-11-29
C189,Sai Reddy,Male,57,Chennai,Tamil Nadu,2025-06-10
C190,Eva Kumar,Female,55,Kolkata,West Bengal,2023-05-27
C191,Meera Singh,Female,34,Mumbai,Maharashtra,2024-11-13
C192,Meera Singh,Male,22,Bengaluru,Karnataka,2024-03-28
C193,David Singh,Female,62,Pune,Maharashtra,2023-09-14
C194,Priya Kumar,Female,48,Mysuru,Karnataka,2023-04-20
C195,Neha Shetty,Female,54,Mumbai,Maharashtra,2023-10-30
C196,Aarav Nair,Female,18,Delhi,Delhi,2024-08-02
C197,Eva Gupta,Female,32,Bengaluru,Karnataka,2024-09-13
C198,Diya Kumar,Female,61,Pune,Maharashtra,2025-02-12
C199,Vihaan Sharma,Female,46,Chennai,Tamil Nadu,2023-02-04
C200,Kiran Reddy,Male,36,Lucknow,Uttar Pradesh,2023-12-01
C201,Sai Kumar,Male,52,Kolkata,West Bengal,2025-06-16
C202,Bob Joshi,Female,28,Pune,Maharashtra,2023-09-21
C203,Priya Das,Male,47,Mysuru,Karnataka,2023-03-19
C204,Diya Nair,Female,23,Chennai,Tamil Nadu,2025-03-20
C205,Aarav Singh,Male,47,Kolkata,West Bengal,2024-01-13
C206,David Nair,Female,24,Delhi,Delhi,2024-11-22
C207,Alice Sharma,Female,57,Mumbai,Maharashtra,2023-08-15
C208,Meera Singh,Female,25,Hyderabad,Telangana,2023-05-24
C209,Vivaan Singh,Female,25,Bengaluru,Karnataka,2023-04-10
C210,Charlie Reddy,Female,47,Mumbai,Maharashtra,2024-01-15
C211,Rohit Shetty,Male,44,Jaipur,Rajasthan,2024-11-01
C212,Alice Shetty,Female,35,Hyderabad,Telangana,2023-02-03
C213,Ananya Gupta,Female,33,Pune,Maharashtra,2025-05-25
C214,Vihaan Das,Female,21,Pune,Maharashtra,2024-02-12
C215,Ananya Patel,Female,23,Delhi,Delhi,2024-11-09
C216,Eva Sharma,Male,39,Mumbai,Maharashtra,2023-09-07
C217,David Kumar,Male,53,Chennai,Tamil Nadu,2023-08-01
C218,Ananya Kumar,Female,27,Lucknow,Uttar Pradesh,2025-03-18
C219,Aarav Singh,Male,26,Lucknow,Uttar Pradesh,2024-07-07
C220,Sai Patel,Male,26,Delhi,Delhi,2023-01-16
C221,Diya Shetty,Female,19,Pune,Maharashtra,2023-06-28
C222,Vivaan Reddy,Female,51,Delhi,Delhi,2023-04-27
C223,Alice Gupta,Female,50,Hyderabad,Telangana,2024-08-30
C224,Meera Joshi,Male,57,Hyderabad,Telangana,2023-02-14
C225,Priya Gupta,Male,21,Jaipur,Rajasthan,2024-05-05
C226,Rohit Patel,Female,63,Kolkata,West Bengal,2024-03-30
C227,Aditya Das,Male,22,Hyderabad,Telangana,2023-05-10
C228,Eva Shetty,Female,42,Delhi,Delhi,2024-09-03
C229,Priya Gupta,Female,24,Jaipur,Rajasthan,2025-03-23
C230,Charlie Kumar,Female,46,Hyderabad,Telangana,2023-08-22
C231,Rahul Gupta,Female,44,Kolkata,West Bengal,2025-01-17
C232,Rahul Nair,Female,60,Hyderabad,Telangana,2023-09-19
C233,Arjun Gupta,Male,23,Pune,Maharashtra,2025-05-01
C234,Aditya Nair,Male,65,Hyderabad,Telangana,2025-01-26
C235,Arjun Joshi,Male,55,Pune,Maharashtra,2024-07-29
C236,Rahul Patel,Female,40,Jaipur,Rajasthan,2025-06-13
C237,Vivaan Singh,Female,40,Kolkata,West Bengal,2023-04-17
C238,Bob Kumar,Male,60,Lucknow,Uttar Pradesh,2024-05-08
C239,Vihaan Das,Female,25,Mumbai,Maharashtra,2025-02-19
C240,David Kumar,Female,53,Delhi,Delhi,2025-02-24
C241,Eva Joshi,Male,56,Lucknow,Uttar Pradesh,2024-11-04
C242,Aarav Reddy,Female,62,Delhi,Delhi,2025-02-19
C243,Rahul Das,Male,29,Delhi,Delhi,2025-06-09
C244,David Nair,Male,27,Chennai,Tamil Nadu,2025-01-28
C245,Aditya Joshi,Male,42,Bengaluru,Karnataka,2024-03-05
C246,Rahul Reddy,Female,37,Mysuru,Karnataka,2025-01-08
C247,David Shetty,Male,21,Pune,Maharashtra,2023-06-09
C248,Eva Sharma,Male,35,Chennai,Tamil Nadu,2024-03-29
C249,Alice Shetty,Female,44,Kolkata,West Bengal,2023-10-07
C250,Bob Patel,Female,45,Mumbai,Maharashtra,2023-04-24
C251,David Gupta,Female,20,Delhi,Delhi,2023-08-14
C252,Eva Sharma,Male,31,Kolkata,West Bengal,2023-11-05
C253,Arjun Singh,Female,38,Mumbai,Maharashtra,2023-05-03
C254,Alice Nair,Male,26,Bengaluru,Karnataka,2024-01-25
C255,Diya Joshi,Female,22,Jaipur,Rajasthan,2024-02-11
C256,Rohit Sharma,Female,22,Bengaluru,Karnataka,2025-06-01
C257,David Nair,Female,63,Pune,Maharashtra,2024-10-17
C258,Priya Patel,Female,19,Kolkata,West Bengal,2023-11-29
C259,Eva Gupta,Female,23,Chennai,Tamil Nadu,2024-03-23
C260,Diya Nair,Female,51,Hyderabad,Telangana,2023-03-22
C261,Priya Das,Male,39,Kolkata,West Bengal,2025-03-08
C262,Aditya Joshi,Male,51,Chennai,Tamil Nadu,2024-06-06
C263,Kiran Das,Male,33,Mumbai,Maharashtra,2023-04-16
C264,Isha Kumar,Male,56,Chennai,Tamil Nadu,2023-06-06
C265,Sai Gupta,Female,54,Hyderabad,Telangana,2025-02-17
C266,Meera Shetty,Female,58,Lucknow,Uttar Pradesh,2023-11-20
C267,Meera Patel,Female,46,Chennai,Tamil Nadu,2024-10-08
C268,Isha Shetty,Male,40,Delhi,Delhi,2024-06-03
C269,Priya Gupta,Female,20,Hyderabad,Telangana,2023-02-28
C270,Priya Patel,Male,57,Pune,Maharashtra,2024-08-31
C271,Neha Gupta,Male,46,Jaipur,Rajasthan,2025-04-09
C272,Ananya Das,Female,50,Lucknow,Uttar Pradesh,2023-06-04
C273,Meera Patel,Female,63,Bengaluru,Karnataka,2023-03-28
C274,Sai Sharma,Male,63,Jaipur,Rajasthan,2024-03-24
C275,Bob Joshi,Male,41,Mysuru,Karnataka,2024-01-17
C276,Neha Nair,Female,61,Delhi,Delhi,2024-09-04
C277,Rahul Patel,Female,24,Bengaluru,Karnataka,2024-07-25
C278,Priya Singh,Male,39,Kolkata,West Bengal,2023-03-25
C279,Arjun Das,Female,59,Lucknow,Uttar Pradesh,2024-12-16
C280,Arjun Shetty,Male,37,Kolkata,West Bengal,2024-07-26
C281,Rahul Reddy,Male,59,Kolkata,West Bengal,2024-11-17
C282,Bob Das,Male,41,Kolkata,West Bengal,2023-11-13
C283,Ananya Das,Female,30,Chennai,Tamil Nadu,2023-08-20
C284,Arjun Patel,Female,24,Chennai,Tamil Nadu,2024-06-03
C285,Bob Sharma,Female,57,Jaipur,Rajasthan,2023-05-15
C286,Neha Reddy,Male,29,Lucknow,Uttar Pradesh,2025-05-01
C287,Sai Gupta,Male,44,Lucknow,Uttar Pradesh,2024-01-09
C288,Meera Shetty,Female,65,Mumbai,Maharashtra,2025-03-13
C289,Diya Joshi,Male,37,Mysuru,Karnataka,2025-04-08
C290,Ananya Das,Female,47,Mysuru,Karnataka,2025-02-26
C291,Neha Joshi,Female,28,Delhi,Delhi,2025-04-16
C292,Eva Reddy,Female,21,Mumbai,Maharashtra,2024-10-18
C293,Kiran Joshi,Male,63,Mysuru,Karnataka,2025-05-16
C294,Vihaan Singh,Male,28,Jaipur,Rajasthan,2023-10-07
C295,Bob Reddy,Female,23,Mysuru,Karnataka,2023-08-16
C296,Kiran Sharma,Female,21,Mysuru,Karnataka,2024-02-10
C297,Kiran Kumar,Female,23,Jaipur,Rajasthan,2024-01-19
C298,Aarav Das,Male,63,Mumbai,Maharashtra,2024-10-27
C299,Arjun Reddy,Male,36,Pune,Maharashtra,2025-04-29
C300,Arjun Gupta,Female,57,Mysuru,Karnataka,2023-01-06
